create database QLSV
go
use QLSV
go
create table DMKHOA(
MAKHOA char(2) not null primary key,
TENKHOA nVarChar(20))
create table DMMH(
MAMH char(2) not null primary key,
TENMH nVarchar(30),
SOTIET Tinyint)
create table DMSV(
MASV char(3) not null primary key,
HOSV nVarChar(30),
TENSV nVarChar(10),
PHAI bit,
NGAYSINH datetime,
NOISINH nVarChar(25),
MAKH Char(2) references DMKHOA(MAKHOA),
HOCBONG float)
create table KETQUA(
MASV char(3) not null references DMSV(MASV),
MAMH char(2) not null references DMMH(MAMH),
LANTHI Tinyint,
DIEM decimal,
constraint pk_KETQUA primary key(MASV,MAMH))
go
INSERT INTO DMMH(MAMH,TENMH,SOTIET) VALUES('01',N'Cơ sở dữ liệu','45');
INSERT INTO DMMH(MAMH,TENMH,SOTIET) VALUES('02',N'Trí tuệ nhân tạo','45');
INSERT INTO DMMH(MAMH,TENMH,SOTIET) VALUES('03',N'Truyền tin','45');
INSERT INTO DMMH(MAMH,TENMH,SOTIET) VALUES('04',N'Đồ họa','60');
INSERT INTO DMMH(MAMH,TENMH,SOTIET) VALUES('05',N'Văn phạm','60');
INSERT INTO DMMH(MAMH,TENMH,SOTIET) VALUES('06',N'Kỹ thuật lập trình','45');
SELECT * FROM DMMH;
GO
INSERT INTO DMKHOA(MAKHOA,TENKHOA) VALUES('AV', N'Anh Văn');
INSERT INTO DMKHOA(MAKHOA,TENKHOA) VALUES('TH', N'Tin Học');
INSERT INTO DMKHOA(MAKHOA,TENKHOA) VALUES('TR', N'Triết');
INSERT INTO DMKHOA(MAKHOA,TENKHOA) VALUES('VL', N'Vật Lý');
SELECT * FROM DMKHOA;
GO
INSERT INTO DMSV(MASV,HOSV,TENSV,PHAI,NGAYSINH,NOISINH,MAKH,HOCBONG) VALUES ('A01',N'Nguyễn thị',N'Hải','1','2/23/1993',N'Hà Nội','TH','130000');
INSERT INTO DMSV(MASV,HOSV,TENSV,PHAI,NGAYSINH,NOISINH,MAKH,HOCBONG) VALUES ('A02',N'Trần văn',N'Chính','0','12/24/1992',N'Bình Định','VL','150000');
INSERT INTO DMSV(MASV,HOSV,TENSV,PHAI,NGAYSINH,NOISINH,MAKH,HOCBONG) VALUES ('A03',N'Lê thu bạch',N'Yến','1','2/21/1993','Tp HCM','TH','170000');
INSERT INTO DMSV(MASV,HOSV,TENSV,PHAI,NGAYSINH,NOISINH,MAKH,HOCBONG) VALUES ('A04',N'Trần anh',N'Tuấn','0','12/20/1994',N'Hà Nội','AV','80000');
INSERT INTO DMSV(MASV,HOSV,TENSV,PHAI,NGAYSINH,NOISINH,MAKH,HOCBONG) VALUES ('B01',N'Trần thanh',N'Mai','1','8/12/1993',N'Hải Phòng','TR','0');
INSERT INTO DMSV(MASV,HOSV,TENSV,PHAI,NGAYSINH,NOISINH,MAKH,HOCBONG) VALUES ('B02',N'Nguyễn thi thu',N'Thủy','1','1/2/1994','Tp HCM','AV','0');
SELECT * FROM DMSV;
GO
INSERT INTO KETQUA(MASV,MAMH,LANTHI,DIEM) VALUES('A01','01',1,3);
INSERT INTO KETQUA(MASV,MAMH,LANTHI,DIEM) VALUES('A01','01',2,6);
INSERT INTO KETQUA(MASV,MAMH,LANTHI,DIEM) VALUES('A01','02',2,6);
INSERT INTO KETQUA(MASV,MAMH,LANTHI,DIEM) VALUES('A01','03',1,5);
INSERT INTO KETQUA(MASV,MAMH,LANTHI,DIEM) VALUES('A02','01',1,4.5);
INSERT INTO KETQUA(MASV,MAMH,LANTHI,DIEM) VALUES('A02','01',2,7);
INSERT INTO KETQUA(MASV,MAMH,LANTHI,DIEM) VALUES('A02','03',1,10);
INSERT INTO KETQUA(MASV,MAMH,LANTHI,DIEM) VALUES('A02','05',1,9);
INSERT INTO KETQUA(MASV,MAMH,LANTHI,DIEM) VALUES('A03','01',1,2);
INSERT INTO KETQUA(MASV,MAMH,LANTHI,DIEM) VALUES('A03','01',2,5);
INSERT INTO KETQUA(MASV,MAMH,LANTHI,DIEM) VALUES('A03','03',1,2.5);
INSERT INTO KETQUA(MASV,MAMH,LANTHI,DIEM) VALUES('A03','03',2,4);
INSERT INTO KETQUA(MASV,MAMH,LANTHI,DIEM) VALUES('A04','05',2,10);
INSERT INTO KETQUA(MASV,MAMH,LANTHI,DIEM) VALUES('B01','01',1,7);
INSERT INTO KETQUA(MASV,MAMH,LANTHI,DIEM) VALUES('B01','03',1,2.5);
INSERT INTO KETQUA(MASV,MAMH,LANTHI,DIEM) VALUES('B01','03',2,5);
INSERT INTO KETQUA(MASV,MAMH,LANTHI,DIEM) VALUES('B02','02',1,6);
INSERT INTO KETQUA(MASV,MAMH,LANTHI,DIEM) VALUES('B02','04',1,10);
SELECT * FROM KETQUA;
GO
