create database qlsv
go
USE qlsv
go
CREATE TABLE KHOA(
MaKhoa NVARCHAR(4) PRIMARY KEY,
TenKhoa NVARCHAR(50)
)
go
CREATE TABLE LOP(
MaLop NVARCHAR(5) PRIMARY KEY,
TenLop NVARCHAR(50),
NienKhoa NVARCHAR(50),
MaKhoa NVARCHAR(4) REFERENCES KHOA(MaKhoa),
GVCN NVARCHAR(50)
)
go
CREATE TABLE SINHVIEN(
MaSV NVARCHAR(4) PRIMARY KEY,
TenSV NVARCHAR(50),
Phai BIT,
NgaySinh DATETIME,
DiaChi NVARCHAR(50),
DienThoai NVARCHAR(50),
MaLop NVARCHAR(5) REFERENCES LOP(MaLop)
)
go
CREATE TABLE MONHOC(
MaMH NVARCHAR(4)PRIMARY KEY,
TenMH NVARCHAR(50),
SoTC NVARCHAR(2)
)
go
CREATE TABLE DIEM(
MaSV NVARCHAR(4) REFERENCES SINHVIEN(MaSV),
MaMH NVARCHAR(4) REFERENCES MONHOC(MaMH),
MaThi NVARCHAR(1),
Diem SMALLINT NULL,
constraint pk_DIEM primary key(Masv,MAMH,Mathi)
)
go
INSERT INTO KHOA VALUES(N'ck',N'Co Khi')
INSERT INTO KHOA VALUES(N'cntt',N'Cong nghe thong tin')
INSERT INTO KHOA VALUES(N'dt',N'Dien Tu')
go
INSERT INTO LOP VALUES(N'cdck1',N'cao dang co khi',N'2000-2003',N'ck',N'Le Thanh Nhan')
INSERT INTO LOP VALUES(N'cdcka',N'cao dang co khi a',N'2000-2003',N'ck',N'Le Thanh Nhan')
INSERT INTO LOP VALUES(N'cddta',N'cao dang dien tu a',N'2001-2004',N'dt',N'Phung Dang Khoa')
INSERT INTO LOP VALUES(N'cdtha',N'cao dang tin hoc a',N'2000-2003',N'cntt',N'Tran Binh trong')
INSERT INTO LOP VALUES(N'cdthb',N'cao dang tin hoc b',N'2000-2003',N'cntt',N'Nguyễn Thanh Bình')
go
INSERT INTO SINHVIEN VALUES(N'ck02',N'Tran Van An',1,15/11/1986,N'14 Dinh Tien Hoang Q1',N'07677765', N'cdcka')
INSERT INTO SINHVIEN VALUES(N'ck03',N'Nguyen Thi Thuy',0,12/02/1988,N'14 Dinh Tien Hoang Q1',N'07677765', N'cdcka')
INSERT INTO SINHVIEN VALUES(N'ck04',N'Nguyen Tu Nhan',1,11/11/1988,N'14 Dinh Tien Hoang Q1',N'07677765', N'cdck1')

INSERT INTO SINHVIEN VALUES(N'dt01',N'Le THi Tuong Vi',1,15/11/1986,N'14 Dinh Tien Hoang Q1',N'07677765', N'cddta')
INSERT INTO SINHVIEN VALUES(N'dt02',N'Le Ba Hai',1,15/11/1986,N'14 Dinh Tien Hoang Q1',N'07677765', N'cddta')
INSERT INTO SINHVIEN VALUES(N'dt03',N'Pham Thi Duong',0,15/11/1986,N'14 Dinh Tien Hoang Q1',N'07677765', N'cddta')
INSERT INTO SINHVIEN VALUES(N'dt04',N'Le Vinh Phuc',1,15/11/1986,N'14 Dinh Tien Hoang Q1',N'07677765', N'cddta')
INSERT INTO SINHVIEN VALUES(N'dt05',N'Pham Van Nhat',1,15/11/1986,N'14 Dinh Tien Hoang Q1',N'07677765', N'cddta')

INSERT INTO SINHVIEN VALUES(N'th01',N'Nguyen Thanh Tam',1,15/11/1986,N'14 Dinh Tien Hoang Q1',N'07677765', N'cdthb')
INSERT INTO SINHVIEN VALUES(N'th02',N'Nguyen thi Hong',1,15/11/1986,N'14 Dinh Tien Hoang Q1',N'07677765', N'cdthb')
INSERT INTO SINHVIEN VALUES(N'th03',N'Le Doan Phuong',1,15/11/1986,N'14 Dinh Tien Hoang Q1',N'07677765', N'cdthb')
INSERT INTO SINHVIEN VALUES(N'th04',N'Le Thanh Doan',1,15/11/1986,N'14 Dinh Tien Hoang Q1',N'07677765', N'cdthb')
INSERT INTO SINHVIEN VALUES(N'th05',N'Le Thanh Phong',1,15/11/1986,N'14 Dinh Tien Hoang Q1',N'07677765', N'cdthb')
INSERT INTO SINHVIEN VALUES(N'th06',N'Nguyen Phuong Mai',1,15/11/1986,N'14 Dinh Tien Hoang Q1',N'07677765', N'cdthb')
go
INSERT INTO MONHOC VALUES(N'csdl',N'Co So Du Lieu', N'4')
INSERT INTO MONHOC VALUES(N'ctdl',N'Cau Truc du Lieu', N'4')
INSERT INTO MONHOC VALUES(N'dth',N'Dien tu Hoa', N'3')
INSERT INTO MONHOC VALUES(N'java',N'Lap trinh Java', N'5')
INSERT INTO MONHOC VALUES(N'lsd',N'Lich Su Dang', N'2')
INSERT INTO MONHOC VALUES(N'trr',N'Toan Roi rac', N'3')
INSERT INTO MONHOC VALUES(N'vl2',N'Vat Ly 2', N'3')
go
INSERT INTO DIEM VALUES(N'CK02',N'dth', N'1', 7)
INSERT INTO DIEM VALUES(N'CK02',N'lsd', N'1', 9)
INSERT INTO DIEM VALUES(N'CK02',N'trr', N'1', 9)

INSERT INTO DIEM VALUES(N'CK03',N'dth', N'1', 10)
INSERT INTO DIEM VALUES(N'CK03',N'lsd', N'1', 10)
INSERT INTO DIEM VALUES(N'CK03',N'trr', N'1', 9)
INSERT INTO DIEM VALUES(N'CK03',N'vl2', N'1', 8)

INSERT INTO DIEM VALUES(N'CK04',N'dth', N'1', 5)
INSERT INTO DIEM VALUES(N'CK04',N'lsd', N'1', 7)
INSERT INTO DIEM VALUES(N'CK04',N'trr', N'1', 3)
INSERT INTO DIEM VALUES(N'CK04',N'vl2', N'1', 2)

INSERT INTO DIEM VALUES(N'dt01',N'csdl', N'1', 5)
INSERT INTO DIEM VALUES(N'dt01',N'dth', N'2', 4)
INSERT INTO DIEM VALUES(N'dt01',N'lsd', N'1', 10)
INSERT INTO DIEM VALUES(N'dt01',N'vl2', N'3', 0)

INSERT INTO DIEM VALUES(N'dt02',N'dth', N'1', 8)
INSERT INTO DIEM VALUES(N'dt02',N'java', N'1', 10)
INSERT INTO DIEM VALUES(N'dt02',N'lsd', N'2', 3)
INSERT INTO DIEM VALUES(N'dt02',N'vl2', N'1', 9)

INSERT INTO DIEM VALUES(N'dt03',N'dth', N'1', 7)
INSERT INTO DIEM VALUES(N'dt03',N'lsd', N'1', 6)


INSERT INTO SINHVIEN(MaSV, TenSV, Phai, NgaySinh, DiaChi, MaLop) VALUES(N'SV01',N'Tran Van An',1,15/11/1986,N'14 Dinh Tien Hoang Q1', N'cdcka')

INSERT INTO SINHVIEN(MaSV, TenSV, Phai, NgaySinh, DiaChi, MaLop) VALUES(N'SV15',N'gfdg','0',06/05/2019,N'tg', N'cdcka')